ID base,Exercício base,Grupo base,Resultado,Índice de confiança (0–100),Confiança,Justificativa,Imagem no catálogo,ID imagem,Nome imagem,Referência imagem,Vídeo no catálogo,ID vídeo,Nome vídeo,Referência vídeo,GIF no catálogo,ID GIF,Nome GIF,Referência GIF,Equipamento candidato principal,Grupo candidato principal,Alvo candidato principal,Linha base,Imagem atual (URL informada),Vídeo atual (URL informada),Vídeo externo atual,Falta imagem atual,Falta vídeo atual,Fonte base,Fonte catálogo,Nome normalizado para busca
5736,Supino Polia,Peitoral,Correspondência forte,95,Alta,"Nome equivalente após tradução e normalização, sem diferença explícita.",Sim — forte,0151,Cable Bench Press,Illustrations!A152:H152,Sim — forte,015112,Cable Bench Press,Videos!A124:H124,Sim — forte,015113,Cable Bench Press,Animated GIFs!A152:H152,Cable,Chest,"Pectoralis Major Clavicular Head, Pectoralis Major Sternal Head",39,,,,Sim,Sim,https://docs.google.com/spreadsheets/d/1mgP0qbvTjSUWhV777RP13kTn7aj-aMR9H9jjjQfBE-E/edit#gid=1939929300&range=A39:F39,https://docs.google.com/spreadsheets/d/1RMmqNGdAmlKWrk7TJsYJRhhsyaacGkRx/edit,bench cable press
5888,Crucifixo Polia Unilateral,Peitoral,Revisar,84,Média,variação adicional no candidato: low,Revisar,10095,Cable Single Arm Bear Fly (male),Illustrations!A6277:H6277,Revisar,860912,Cable Single Arm Low Fly (male),Videos!A6724:H6724,Revisar,1009513,Cable Single Arm Bear Fly (male),Animated GIFs!A6134:H6134,Cable,Chest,,172,,,,Sim,Sim,https://docs.google.com/spreadsheets/d/1mgP0qbvTjSUWhV777RP13kTn7aj-aMR9H9jjjQfBE-E/edit#gid=1939929300&range=A172:F172,https://docs.google.com/spreadsheets/d/1RMmqNGdAmlKWrk7TJsYJRhhsyaacGkRx/edit,cable fly unilateral
5890,Supino Polia Alternado,Peitoral,Revisar,72,Média,variação adicional no candidato: standing,Revisar,11274,Cable Standing Alternating Diagonal Chest Press (VERSION 3),Illustrations!A6601:H6601,Revisar,1127412,Cable Standing Alternating Diagonal Chest Press (VERSION 3),Videos!A9124:H9124,Revisar,1127413,Cable Standing Alternating Diagonal Chest Press (VERSION 3),Animated GIFs!A6455:H6455,Cable,Chest,,174,,,,Sim,Sim,https://docs.google.com/spreadsheets/d/1mgP0qbvTjSUWhV777RP13kTn7aj-aMR9H9jjjQfBE-E/edit#gid=1939929300&range=A174:F174,https://docs.google.com/spreadsheets/d/1RMmqNGdAmlKWrk7TJsYJRhhsyaacGkRx/edit,alternating bench cable press
5891,Supino Polia Unilateral,Peitoral,Correspondência forte,95,Alta,"Nome equivalente após tradução e normalização, sem diferença explícita.",Revisar,2144,Cable Seated Chest Press,Illustrations!A2136:H2136,Sim — forte,793212,Cable Single Arm Bench Press,Videos!A6058:H6058,Revisar,214413,Cable Seated Chest Press,Animated GIFs!A2027:H2027,Cable,Chest,,175,,,,Sim,Sim,https://docs.google.com/spreadsheets/d/1mgP0qbvTjSUWhV777RP13kTn7aj-aMR9H9jjjQfBE-E/edit#gid=1939929300&range=A175:F175,https://docs.google.com/spreadsheets/d/1RMmqNGdAmlKWrk7TJsYJRhhsyaacGkRx/edit,bench cable press unilateral
6075,Rosca 21 com Halter,Bíceps,Revisar,75,Média,Rosca 21 é um protocolo de amplitude parcial e completa; rosca convencional não confirma a sequência.,Revisar,4152,Dumbbell Close Grip Curl,Illustrations!A4102:H4102,Revisar,415212,Dumbbell Close Grip Curl,Videos!A2761:H2761,Revisar,415213,Dumbbell Close Grip Curl,Animated GIFs!A3973:H3973,Dumbbell,Upper Arms,Biceps Brachii,350,,,,Sim,Sim,https://docs.google.com/spreadsheets/d/1mgP0qbvTjSUWhV777RP13kTn7aj-aMR9H9jjjQfBE-E/edit#gid=1939929300&range=A350:F350,https://docs.google.com/spreadsheets/d/1RMmqNGdAmlKWrk7TJsYJRhhsyaacGkRx/edit,21 curl dumbbell
6181,Abdominal Borboleta,Abdômen,Correspondência forte,90,Alta,"Correspondência terminológica revisada: movimento, equipamento e variante descrita compatíveis. Forte pelos metadados; execução visual não verificada.",Revisar,0270,Crunch (on bench),Illustrations!A271:H271,Sim — forte,773512,Lying Butterfly Crunch (female),Videos!A5862:H5862,Revisar,027013,Crunch (on bench),Animated GIFs!A271:H271,Body weight,Waist,Rectus Abdominis,454,,,,Sim,Sim,https://docs.google.com/spreadsheets/d/1mgP0qbvTjSUWhV777RP13kTn7aj-aMR9H9jjjQfBE-E/edit#gid=1939929300&range=A454:F454,https://docs.google.com/spreadsheets/d/1RMmqNGdAmlKWrk7TJsYJRhhsyaacGkRx/edit,butterfly crunch
6184,Abdominal Canivete Alternado,Abdômen,Correspondência forte,90,Alta,"Correspondência terminológica revisada: movimento, equipamento e variante descrita compatíveis. Forte pelos metadados; execução visual não verificada.",Revisar,0969,Band alternating v-up,Illustrations!A970:H970,Sim — forte,1045212,Alternating Leg V-up (male),Videos!A8429:H8429,Revisar,096913,Band alternating v up,Animated GIFs!A965:H965,Body weight,Waist,"Iliopsoas, Obliques",457,,,,Sim,Sim,https://docs.google.com/spreadsheets/d/1mgP0qbvTjSUWhV777RP13kTn7aj-aMR9H9jjjQfBE-E/edit#gid=1939929300&range=A457:F457,https://docs.google.com/spreadsheets/d/1RMmqNGdAmlKWrk7TJsYJRhhsyaacGkRx/edit,alternating up v
6186,Abdominal Canivete com Twist,Abdômen,Revisar,57,Baixa,Nome semelhante; equivalência da execução ainda não confirmada.,Revisar,0825,V-up,Illustrations!A826:H826,Revisar,082512,V-up (female),Videos!A675:H675,Revisar,082513,V up,Animated GIFs!A826:H826,Body weight,Waist,"Iliopsoas, Rectus Abdominis",459,,,,Sim,Sim,https://docs.google.com/spreadsheets/d/1mgP0qbvTjSUWhV777RP13kTn7aj-aMR9H9jjjQfBE-E/edit#gid=1939929300&range=A459:F459,https://docs.google.com/spreadsheets/d/1RMmqNGdAmlKWrk7TJsYJRhhsyaacGkRx/edit,twist up v
6192,Abdominal Infra com Flexão e Extensão,Abdômen,Revisar,67,Média,variação adicional no candidato: reverse,Revisar,4916,Reverse Leg Extension (female),Illustrations!A4805:H4805,Revisar,1031412,Bear Plank Floating Leg Extension (male),Videos!A8292:H8292,Revisar,438613,Leg Extension Plank,Animated GIFs!A4197:H4197,Body weight,Hips,,464,,,,Sim,Sim,https://docs.google.com/spreadsheets/d/1mgP0qbvTjSUWhV777RP13kTn7aj-aMR9H9jjjQfBE-E/edit#gid=1939929300&range=A464:F464,https://docs.google.com/spreadsheets/d/1RMmqNGdAmlKWrk7TJsYJRhhsyaacGkRx/edit,extension flexion leg raise
6196,Mountain Climber,Abdômen,Correspondência forte,90,Alta,"Correspondência terminológica revisada: movimento, equipamento e variante descrita compatíveis. Forte pelos metadados; execução visual não verificada.",Sim — forte,5213,Mountain Climber (VERSION 2) (female),Illustrations!A5031:H5031,Sim — forte,521312,Mountain Climber (VERSION 2) (female),Videos!A3470:H3470,Sim — forte,521313,Mountain Climber (VERSION 2) (female),Animated GIFs!A4901:H4901,Body weight,Cardio,,468,,,,Sim,Sim,https://docs.google.com/spreadsheets/d/1mgP0qbvTjSUWhV777RP13kTn7aj-aMR9H9jjjQfBE-E/edit#gid=1939929300&range=A468:F468,https://docs.google.com/spreadsheets/d/1RMmqNGdAmlKWrk7TJsYJRhhsyaacGkRx/edit,climber mountain
6205,Abdominal Obliquo Decúbito Lateral Canivete Duplo,Abdômen,Revisar,69,Média,Nome semelhante; equivalência da execução ainda não confirmada.,Revisar,6693,Cable Kneeling Side Crunch (male),Illustrations!A5667:H5667,Revisar,739612,Side Lying Side Crunch (female),Videos!A5548:H5548,Revisar,669313,Cable Kneeling Side Crunch (male),Animated GIFs!A5534:H5534,Body weight,Waist,,475,,,,Sim,Sim,https://docs.google.com/spreadsheets/d/1mgP0qbvTjSUWhV777RP13kTn7aj-aMR9H9jjjQfBE-E/edit#gid=1939929300&range=A475:F475,https://docs.google.com/spreadsheets/d/1RMmqNGdAmlKWrk7TJsYJRhhsyaacGkRx/edit,canivete crunch duplo lying side
6221,Abdominal V Isométrico,Abdômen,Revisar,75,Média,"Candidato apenas aproximado: base isométrica, candidato com movimento de braços.",Revisar,4332,Crunch Hold,Illustrations!A4272:H4272,Revisar,498912,V Sit Cross Punch,Videos!A3264:H3264,Revisar,433213,Crunch Hold,Animated GIFs!A4143:H4143,Body weight,Waist,Rectus Abdominis,489,,,,Sim,Sim,https://docs.google.com/spreadsheets/d/1mgP0qbvTjSUWhV777RP13kTn7aj-aMR9H9jjjQfBE-E/edit#gid=1939929300&range=A489:F489,https://docs.google.com/spreadsheets/d/1RMmqNGdAmlKWrk7TJsYJRhhsyaacGkRx/edit,crunch hold v
6232,Prancha Alta Alternando Pernas,Abdômen,Revisar,65,Média,Candidato eleva braços e pernas; base especifica apenas pernas. Não contar como igual.,Revisar,10554,Plank Alternating Hit the Ball (male),Illustrations!A6363:H6363,Revisar,1055412,Plank Alternating Hit the Ball (male),Videos!A8531:H8531,Revisar,1055413,Plank Alternating Hit the Ball (male),Animated GIFs!A6220:H6220,Body weight,Waist,,499,,,,Sim,Sim,https://docs.google.com/spreadsheets/d/1mgP0qbvTjSUWhV777RP13kTn7aj-aMR9H9jjjQfBE-E/edit#gid=1939929300&range=A499:F499,https://docs.google.com/spreadsheets/d/1RMmqNGdAmlKWrk7TJsYJRhhsyaacGkRx/edit,alternating high legs plank
6244,Prancha Inversa Tocando Os Pés,Abdômen,Revisar,70,Média,Nome semelhante; equivalência da execução ainda não confirmada.,Revisar,4934,Reverse Plank (VERSION 2),Illustrations!A4822:H4822,Revisar,545412,Reverse Plank (female),Videos!A3684:H3684,Revisar,493413,Reverse Plank (VERSION 2),Animated GIFs!A4692:H4692,Body weight,Waist,"Gluteus Maximus, Rectus Abdominis",510,,,,Sim,Sim,https://docs.google.com/spreadsheets/d/1mgP0qbvTjSUWhV777RP13kTn7aj-aMR9H9jjjQfBE-E/edit#gid=1939929300&range=A510:F510,https://docs.google.com/spreadsheets/d/1RMmqNGdAmlKWrk7TJsYJRhhsyaacGkRx/edit,feet plank reverse touch
6260,Prancha Spider,Abdômen,Correspondência forte,95,Alta,"Nome equivalente após tradução e normalização, sem diferença explícita.",Sim — forte,3953,Spider Plank (female),Illustrations!A3906:H3906,Sim — forte,395312,Spider Plank (female),Videos!A2625:H2625,Sim — forte,609213,Spider Plank (male),Animated GIFs!A5353:H5353,Body weight,Hips,,525,,,,Sim,Sim,https://docs.google.com/spreadsheets/d/1mgP0qbvTjSUWhV777RP13kTn7aj-aMR9H9jjjQfBE-E/edit#gid=1939929300&range=A525:F525,https://docs.google.com/spreadsheets/d/1RMmqNGdAmlKWrk7TJsYJRhhsyaacGkRx/edit,plank spider
6408,Deitar e Levantar Sem Apoio com Pliobox',Funcionais,Não encontrado,0,Sem correspondência,Não foi encontrada correspondência suficientemente próxima pelos nomes e metadados. Nome semelhante; equivalência da execução ainda não confirmada.,Não encontrado,,,,Não encontrado,,,,Não encontrado,,,,Body weight,Plyometrics,,669,,,,Sim,Sim,https://docs.google.com/spreadsheets/d/1mgP0qbvTjSUWhV777RP13kTn7aj-aMR9H9jjjQfBE-E/edit#gid=1939929300&range=A669:F669,https://docs.google.com/spreadsheets/d/1RMmqNGdAmlKWrk7TJsYJRhhsyaacGkRx/edit,apoio box deitar levantar sem
6568,Agachamento Lateral + Desenvolvimento com Halter,Funcionais,Revisar,77,Média,Sequência combinada: confirmar TODOS os movimentos e a transição. Nome semelhante; equivalência da execução ainda não confirmada.,Revisar,4753,Dumbbell Side Lunge with Shoulder Press,Illustrations!A4655:H4655,Revisar,036012,Dumbbell One Arm Shoulder Press (VERSION 2),Videos!A304:H304,Revisar,475313,Dumbbell Side Lunge with Shoulder Press,Animated GIFs!A4526:H4526,Dumbbell,Thighs,,825,,,,Sim,Sim,https://docs.google.com/spreadsheets/d/1mgP0qbvTjSUWhV777RP13kTn7aj-aMR9H9jjjQfBE-E/edit#gid=1939929300&range=A825:F825,https://docs.google.com/spreadsheets/d/1RMmqNGdAmlKWrk7TJsYJRhhsyaacGkRx/edit,+ dumbbell lateral press shoulder squat
6570,Agachamento Sumo + Remada Alta com Halter,Funcionais,Revisar,71,Média,Sequência combinada: confirmar TODOS os movimentos e a transição. não descrito no candidato: sumo,Revisar,0437,Dumbbell Upright Row,Illustrations!A438:H438,Revisar,043712,Dumbbell Upright Row,Videos!A371:H371,Revisar,343113,Dumbbell Upright Row (female),Animated GIFs!A3272:H3272,Dumbbell,Shoulders,Deltoid Lateral,827,,,,Sim,Sim,https://docs.google.com/spreadsheets/d/1mgP0qbvTjSUWhV777RP13kTn7aj-aMR9H9jjjQfBE-E/edit#gid=1939929300&range=A827:F827,https://docs.google.com/spreadsheets/d/1RMmqNGdAmlKWrk7TJsYJRhhsyaacGkRx/edit,+ dumbbell row squat sumo upright
6623,Abdominal Cortador com Halter,Abdômen,Revisar,81,Média,Nome semelhante; equivalência da execução ainda não confirmada.,Revisar,4624,Dumbbell Crunch Up,Illustrations!A4550:H4550,Revisar,546512,Dumbbell Crunch Hold with Legs Off,Videos!A3695:H3695,Revisar,462413,Dumbbell Crunch-up,Animated GIFs!A4421:H4421,Dumbbell,Waist,"Iliopsoas, Rectus Abdominis",879,,,,Sim,Sim,https://docs.google.com/spreadsheets/d/1mgP0qbvTjSUWhV777RP13kTn7aj-aMR9H9jjjQfBE-E/edit#gid=1939929300&range=A879:F879,https://docs.google.com/spreadsheets/d/1RMmqNGdAmlKWrk7TJsYJRhhsyaacGkRx/edit,crunch dumbbell woodchop
6625,Inclinação Lateral Esquerda com Halter,Abdômen,Correspondência forte,90,Alta,"Correspondência terminológica revisada: movimento, equipamento e variante descrita compatíveis. Forte pelos metadados; execução visual não verificada.",Sim — forte,0407,Dumbbell Side Bend,Illustrations!A408:H408,Sim — forte,040712,Dumbbell Side Bend,Videos!A344:H344,Sim — forte,040713,Dumbbell Side Bend,Animated GIFs!A408:H408,Dumbbell,Waist,Obliques,881,,,,Sim,Sim,https://docs.google.com/spreadsheets/d/1mgP0qbvTjSUWhV777RP13kTn7aj-aMR9H9jjjQfBE-E/edit#gid=1939929300&range=A881:F881,https://docs.google.com/spreadsheets/d/1RMmqNGdAmlKWrk7TJsYJRhhsyaacGkRx/edit,bend dumbbell esquerda side
6714,Elevação de Joelho em Pé na Polia,Pernas,Revisar,72,Média,Nome semelhante; equivalência da execução ainda não confirmada.,Revisar,1375,Cable Standing Calf Raise,Illustrations!A1373:H1373,Revisar,137512,Cable Standing Calf Raise,Videos!A1066:H1066,Revisar,137513,Cable Standing Calf Raise,Animated GIFs!A1359:H1359,Cable,Calves,Gastrocnemius,966,,,,Sim,Sim,https://docs.google.com/spreadsheets/d/1mgP0qbvTjSUWhV777RP13kTn7aj-aMR9H9jjjQfBE-E/edit#gid=1939929300&range=A966:F966,https://docs.google.com/spreadsheets/d/1RMmqNGdAmlKWrk7TJsYJRhhsyaacGkRx/edit,cable elevacao knee standing
6718,Glúteo Polia,Pernas,Revisar,75,Média,Confirmar postura e flexão do joelho na execução original.,Revisar,0228,Cable Standing Hip Extension,Illustrations!A229:H229,Revisar,022812,Cable Standing Hip Extension,Videos!A191:H191,Revisar,022813,Cable Standing Hip Extension,Animated GIFs!A229:H229,Cable,Hips,Gluteus Maximus,969,,,,Sim,Sim,https://docs.google.com/spreadsheets/d/1mgP0qbvTjSUWhV777RP13kTn7aj-aMR9H9jjjQfBE-E/edit#gid=1939929300&range=A969:F969,https://docs.google.com/spreadsheets/d/1RMmqNGdAmlKWrk7TJsYJRhhsyaacGkRx/edit,cable extension hip
6720,Flexão do Joelho em Pé Polia,Pernas,Correspondência forte,95,Alta,"Nome equivalente após tradução e normalização, sem diferença explícita.",Sim — forte,1547,Cable Standing Leg Curl,Illustrations!A1545:H1545,Sim — forte,154712,Cable Standing Leg Curl,Videos!A1192:H1192,Sim — forte,154713,Cable Standing Leg Curl,Animated GIFs!A1531:H1531,Cable,Thighs,,971,,,,Sim,Sim,https://docs.google.com/spreadsheets/d/1mgP0qbvTjSUWhV777RP13kTn7aj-aMR9H9jjjQfBE-E/edit#gid=1939929300&range=A971:F971,https://docs.google.com/spreadsheets/d/1RMmqNGdAmlKWrk7TJsYJRhhsyaacGkRx/edit,cable curl leg standing
6734,Supino Máquina Declinado,Peitoral,Correspondência forte,95,Alta,"Nome equivalente após tradução e normalização, sem diferença explícita.",Sim — forte,1300,Lever Decline Chest Press,Illustrations!A1298:H1298,Sim — forte,130012,Lever Decline Chest Press,Videos!A1019:H1019,Sim — forte,130013,Lever Decline Chest Press,Animated GIFs!A1284:H1284,Leverage machine,Chest,Pectoralis Major Sternal Head,982,,,,Sim,Sim,https://docs.google.com/spreadsheets/d/1mgP0qbvTjSUWhV777RP13kTn7aj-aMR9H9jjjQfBE-E/edit#gid=1939929300&range=A982:F982,https://docs.google.com/spreadsheets/d/1RMmqNGdAmlKWrk7TJsYJRhhsyaacGkRx/edit,bench decline lever press
6875,Agachamento + Desenvolvimento Fechado Alternado com Halter,Funcionais,Revisar,79,Média,Sequência combinada: confirmar TODOS os movimentos e a transição. não descrito no candidato: close,Revisar,3073,Dumbbell Alternate Shoulder Press (female),Illustrations!A3040:H3040,Revisar,307312,Dumbbell Alternate Shoulder Press (female),Videos!A2073:H2073,Revisar,307313,Dumbbell Alternate Shoulder Press (female),Animated GIFs!A2929:H2929,Dumbbell,Shoulders,Deltoid Anterior,1118,,https://assets-workout.personow.fit/weight_exercises/videos/6875/original.?1775700717,,Sim,Não,https://docs.google.com/spreadsheets/d/1mgP0qbvTjSUWhV777RP13kTn7aj-aMR9H9jjjQfBE-E/edit#gid=1939929300&range=A1118:F1118,https://docs.google.com/spreadsheets/d/1RMmqNGdAmlKWrk7TJsYJRhhsyaacGkRx/edit,+ alternating close dumbbell press shoulder squat
6892,Stiff + Remada Alta com Halter,Funcionais,Revisar,62,Baixa,Sequência combinada: confirmar TODOS os movimentos e a transição. não descrito no candidato: stiff,Revisar,1765,Dumbbell Upright Row (back POV),Illustrations!A1763:H1763,Revisar,176512,Dumbbell Upright Row (Back POV),Videos!A1324:H1324,Revisar,176513,Dumbbell Upright Row (back POV),Animated GIFs!A1747:H1747,Dumbbell,Shoulders,,1134,,https://assets-workout.personow.fit/weight_exercises/videos/6892/original.?1775700725,,Sim,Não,https://docs.google.com/spreadsheets/d/1mgP0qbvTjSUWhV777RP13kTn7aj-aMR9H9jjjQfBE-E/edit#gid=1939929300&range=A1134:F1134,https://docs.google.com/spreadsheets/d/1RMmqNGdAmlKWrk7TJsYJRhhsyaacGkRx/edit,+ deadlift dumbbell leg row stiff upright
7062,Rosca 45 no Step',Bíceps,Revisar,58,Baixa,"não descrito no candidato: 45, step",Revisar,3748,Biceps Curl with Bed Sheet,Illustrations!A3713:H3713,Revisar,168312,Smith Biceps Curl,Videos!A1277:H1277,Revisar,374813,Biceps Curl with Bed Sheet,Animated GIFs!A3588:H3588,Body weight,Upper Arms,Biceps Brachii,1304,,https://assets-workout.personow.fit/weight_exercises/videos/7062/original.?1775700805,,Sim,Não,https://docs.google.com/spreadsheets/d/1mgP0qbvTjSUWhV777RP13kTn7aj-aMR9H9jjjQfBE-E/edit#gid=1939929300&range=A1304:F1304,https://docs.google.com/spreadsheets/d/1RMmqNGdAmlKWrk7TJsYJRhhsyaacGkRx/edit,45 curl step
7095,Ondas Alternado Sentado,Funcionais,Revisar,65,Média,Corda naval sentada encontrada; confirmar se as ondas são alternadas.,Revisar,3944,Seated Alternate Crunch,Illustrations!A3897:H3897,Revisar,394412,Seated Alternate Crunch,Videos!A2619:H2619,Revisar,394413,Seated Alternate Crunch,Animated GIFs!A3768:H3768,Battling Rope,Cardio,"Iliopsoas, Rectus Abdominis",1337,,https://assets-workout.personow.fit/weight_exercises/videos/7095/original.?1775700820,,Sim,Não,https://docs.google.com/spreadsheets/d/1mgP0qbvTjSUWhV777RP13kTn7aj-aMR9H9jjjQfBE-E/edit#gid=1939929300&range=A1337:F1337,https://docs.google.com/spreadsheets/d/1RMmqNGdAmlKWrk7TJsYJRhhsyaacGkRx/edit,alternating ondas seated
7100,Flexão do Joelho Deitado com Bola,Pernas,Correspondência forte,90,Alta,"Correspondência terminológica revisada: movimento, equipamento e variante descrita compatíveis. Forte pelos metadados; execução visual não verificada.",Sim — forte,0569,Leg Curl (on stability ball),Illustrations!A570:H570,Sim — forte,056912,Leg Curl (on stability ball),Videos!A474:H474,Sim — forte,056913,Leg Curl (on stability ball),Animated GIFs!A570:H570,Stability ball,Thighs,Hamstrings,1342,,https://assets-workout.personow.fit/weight_exercises/videos/7100/original.?1775700822,,Sim,Não,https://docs.google.com/spreadsheets/d/1mgP0qbvTjSUWhV777RP13kTn7aj-aMR9H9jjjQfBE-E/edit#gid=1939929300&range=A1342:F1342,https://docs.google.com/spreadsheets/d/1RMmqNGdAmlKWrk7TJsYJRhhsyaacGkRx/edit,ball curl leg lying stability
7139,Elevação Pélvica com Barra e Step',Pernas,Revisar,75,Média,Exercício principal compatível; apoio em step não explicitado no candidato.,Revisar,1060,Barbell Hip Thrust,Illustrations!A1060:H1060,Revisar,106012,Barbell Hip Thrust,Videos!A834:H834,Revisar,106013,Barbell Hip Thrust,Animated GIFs!A1053:H1053,Barbell,Hips,Gluteus Maximus,1368,,https://assets-workout.personow.fit/weight_exercises/videos/7139/original.?1775700823,,Sim,Não,https://docs.google.com/spreadsheets/d/1mgP0qbvTjSUWhV777RP13kTn7aj-aMR9H9jjjQfBE-E/edit#gid=1939929300&range=A1368:F1368,https://docs.google.com/spreadsheets/d/1RMmqNGdAmlKWrk7TJsYJRhhsyaacGkRx/edit,barbell hip step thrust
7167,Agachamento com Cinto Articulado,Pernas,Correspondência forte,95,Alta,"Nome equivalente após tradução e normalização, sem diferença explícita.",Sim — forte,2950,Lever Belt Squat,Illustrations!A2917:H2917,Sim — forte,295012,Lever Belt Squat,Videos!A1991:H1991,Sim — forte,295013,Lever Belt Squat,Animated GIFs!A2806:H2806,Leverage machine,Thighs,,1393,,,,Sim,Sim,https://docs.google.com/spreadsheets/d/1mgP0qbvTjSUWhV777RP13kTn7aj-aMR9H9jjjQfBE-E/edit#gid=1939929300&range=A1393:F1393,https://docs.google.com/spreadsheets/d/1RMmqNGdAmlKWrk7TJsYJRhhsyaacGkRx/edit,belt lever squat
7168,Agachamento Pêndulo,Pernas,Correspondência forte,90,Alta,"Correspondência terminológica revisada: movimento, equipamento e variante descrita compatíveis. Forte pelos metadados; execução visual não verificada.",Sim — forte,4951,Lever Pendulum Squat (plate loaded),Illustrations!A4837:H4837,Sim — forte,495112,Lever Pendulum Squat (plate loaded),Videos!A3240:H3240,Sim — forte,495113,Lever Pendulum Squat (plate loaded),Animated GIFs!A4707:H4707,Leverage machine,"Hips, Thighs","Gluteus Maximus, Quadriceps",1394,,,,Sim,Sim,https://docs.google.com/spreadsheets/d/1mgP0qbvTjSUWhV777RP13kTn7aj-aMR9H9jjjQfBE-E/edit#gid=1939929300&range=A1394:F1394,https://docs.google.com/spreadsheets/d/1RMmqNGdAmlKWrk7TJsYJRhhsyaacGkRx/edit,lever pendulum squat
7210,Circundução de ombro,Mobilidade - Integrados,Correspondência forte,95,Alta,"Nome equivalente após tradução e normalização, sem diferença explícita.",Sim — forte,0254,Circles Arm,Illustrations!A255:H255,Sim — forte,025412,Circles Arm (female),Videos!A215:H215,Sim — forte,390513,Arm Circles,Animated GIFs!A3733:H3733,Body weight,Shoulders,"Deltoid Anterior, Deltoid Lateral, Deltoid Posterior ",1422,https://assets-workout.personow.fit/weight_exercises/thumbnails/7210/original.jpg?1788368467,,,Não,Sim,https://docs.google.com/spreadsheets/d/1mgP0qbvTjSUWhV777RP13kTn7aj-aMR9H9jjjQfBE-E/edit#gid=1939929300&range=A1422:F1422,https://docs.google.com/spreadsheets/d/1RMmqNGdAmlKWrk7TJsYJRhhsyaacGkRx/edit,arm circles
7218,Semi Ajoelhado Anteorização de Joelho,Mobilidade - Integrados,Revisar,61,Baixa,Nome semelhante; equivalência da execução ainda não confirmada.,Revisar,2875,Side Kick Kneeling,Illustrations!A2842:H2842,Revisar,147412,Bent Leg Kickback (kneeling),Videos!A1140:H1140,Revisar,287513,Side Kick Kneeling (female),Animated GIFs!A2731:H2731,Body weight,"Hips, Thighs, Waist",,1424,,,,Sim,Sim,https://docs.google.com/spreadsheets/d/1mgP0qbvTjSUWhV777RP13kTn7aj-aMR9H9jjjQfBE-E/edit#gid=1939929300&range=A1424:F1424,https://docs.google.com/spreadsheets/d/1RMmqNGdAmlKWrk7TJsYJRhhsyaacGkRx/edit,anteorizacao knee kneeling semi
7219,Semi Ajoelhado Anteorização Extenção,Mobilidade - Integrados,Revisar,56,Baixa,variação adicional no candidato: cable,Revisar,0176,Cable Kneeling Triceps Extension,Illustrations!A177:H177,Revisar,017612,Cable Kneeling Triceps Extension,Videos!A147:H147,Revisar,017613,Cable Kneeling Triceps Extension,Animated GIFs!A177:H177,Cable,Upper Arms,Triceps Brachii,1425,,,,Sim,Sim,https://docs.google.com/spreadsheets/d/1mgP0qbvTjSUWhV777RP13kTn7aj-aMR9H9jjjQfBE-E/edit#gid=1939929300&range=A1425:F1425,https://docs.google.com/spreadsheets/d/1RMmqNGdAmlKWrk7TJsYJRhhsyaacGkRx/edit,anteorizacao extencao kneeling semi
7220,Semi Ajoelhado Abdução Lateralização,Mobilidade - Integrados,Revisar,61,Baixa,"não descrito no candidato: kneeling; variação adicional no candidato: lying, unilateral",Revisar,5349,Lever Abduction Leg Raise,Illustrations!A5104:H5104,Revisar,729112,Lying Single Leg Abduction (female),Videos!A5444:H5444,Revisar,534913,Lever Abduction Leg Raise,Animated GIFs!A4972:H4972,Body weight,Hips,"Gluteus Medius, Iliopsoas, Rectus Abdominis",1426,,,,Sim,Sim,https://docs.google.com/spreadsheets/d/1mgP0qbvTjSUWhV777RP13kTn7aj-aMR9H9jjjQfBE-E/edit#gid=1939929300&range=A1426:F1426,https://docs.google.com/spreadsheets/d/1RMmqNGdAmlKWrk7TJsYJRhhsyaacGkRx/edit,abduction kneeling lateralizacao semi
7221,Semi Ajoelhado Abdução de Ombros,Mobilidade - Integrados,Revisar,68,Média,não descrito no candidato: kneeling,Revisar,8839,Shoulder   Abduction (female),Illustrations!A6063:H6063,Revisar,277512,Shoulder - Abduction,Videos!A1884:H1884,Revisar,277513,Shoulder - Abduction,Animated GIFs!A2631:H2631,Body weight,Shoulders,,1427,,,,Sim,Sim,https://docs.google.com/spreadsheets/d/1mgP0qbvTjSUWhV777RP13kTn7aj-aMR9H9jjjQfBE-E/edit#gid=1939929300&range=A1427:F1427,https://docs.google.com/spreadsheets/d/1RMmqNGdAmlKWrk7TJsYJRhhsyaacGkRx/edit,abduction kneeling semi shoulder
7222,Semi Ajoelhado Rotação de Tronco,Mobilidade - Integrados,Revisar,75,Média,Rotação de tronco semi-ajoelhada compatível; confirmar posição dos braços e amplitude.,Revisar,0583,Lever Kneeling Twist,Illustrations!A584:H584,Revisar,058312,Lever Kneeling Twist,Videos!A487:H487,Revisar,058313,Lever Kneeling Twist,Animated GIFs!A584:H584,Body weight,Waist,Obliques,1428,,,,Sim,Sim,https://docs.google.com/spreadsheets/d/1mgP0qbvTjSUWhV777RP13kTn7aj-aMR9H9jjjQfBE-E/edit#gid=1939929300&range=A1428:F1428,https://docs.google.com/spreadsheets/d/1RMmqNGdAmlKWrk7TJsYJRhhsyaacGkRx/edit,kneeling semi twist
7223,Semi Ajoelhado Anteorização de Joelho 2 lados,Mobilidade - Integrados,Revisar,58,Baixa,Nome semelhante; equivalência da execução ainda não confirmada.,Revisar,1475,Bent Leg Side Kick (kneeling),Illustrations!A1473:H1473,Revisar,147512,Bent Leg Side Kick (kneeling) (female),Videos!A1141:H1141,Revisar,147513,Bent Leg Side Kick (kneeling),Animated GIFs!A1459:H1459,Body weight,Hips,Gluteus Medius,1429,,,,Sim,Sim,https://docs.google.com/spreadsheets/d/1mgP0qbvTjSUWhV777RP13kTn7aj-aMR9H9jjjQfBE-E/edit#gid=1939929300&range=A1429:F1429,https://docs.google.com/spreadsheets/d/1RMmqNGdAmlKWrk7TJsYJRhhsyaacGkRx/edit,2 anteorizacao knee kneeling lados semi
7224,Semi Ajoelhado Perna Oposta Estendida,Mobilidade - Integrados,Revisar,75,Média,Nome semelhante; equivalência da execução ainda não confirmada.,Revisar,4896,Kneeling Straight Leg Side Kick )female),Illustrations!A4785:H4785,Revisar,489612,Kneeling Straight Leg Side Kick (female),Videos!A3210:H3210,Revisar,489613,Kneeling Straight Leg Side Kick (female),Animated GIFs!A4656:H4656,Body weight,Hips,,1430,,,,Sim,Sim,https://docs.google.com/spreadsheets/d/1mgP0qbvTjSUWhV777RP13kTn7aj-aMR9H9jjjQfBE-E/edit#gid=1939929300&range=A1430:F1430,https://docs.google.com/spreadsheets/d/1RMmqNGdAmlKWrk7TJsYJRhhsyaacGkRx/edit,kneeling leg oposta semi straight
7225,Semi Ajoelhado Perna Oposta Estendida Tronco,Mobilidade - Integrados,Revisar,73,Média,Nome semelhante; equivalência da execução ainda não confirmada.,Revisar,4896,Kneeling Straight Leg Side Kick )female),Illustrations!A4785:H4785,Revisar,849912,Kneeling Straight Leg Side Slide with Towel (female),Videos!A6614:H6614,Revisar,489613,Kneeling Straight Leg Side Kick (female),Animated GIFs!A4656:H4656,Body weight,Hips,,1431,,,,Sim,Sim,https://docs.google.com/spreadsheets/d/1mgP0qbvTjSUWhV777RP13kTn7aj-aMR9H9jjjQfBE-E/edit#gid=1939929300&range=A1431:F1431,https://docs.google.com/spreadsheets/d/1RMmqNGdAmlKWrk7TJsYJRhhsyaacGkRx/edit,kneeling leg oposta semi straight trunk
7237,Circundação de Ombro Tocando Calcanhar,Mobilidade - Integrados,Revisar,67,Média,Nome semelhante; equivalência da execução ainda não confirmada.,Revisar,3214,Arms Apart Circular Toe Touch (male),Illustrations!A3181:H3181,Revisar,909012,Sitting Arm Circle on a Chair (female),Videos!A7184:H7184,Revisar,321413,Arms Apart Circular Toe Touch (male),Animated GIFs!A3063:H3063,Body weight,Shoulders,,1439,https://assets-workout.personow.fit/weight_exercises/thumbnails/7237/original.jpg?1788368486,,,Não,Sim,https://docs.google.com/spreadsheets/d/1mgP0qbvTjSUWhV777RP13kTn7aj-aMR9H9jjjQfBE-E/edit#gid=1939929300&range=A1439:F1439,https://docs.google.com/spreadsheets/d/1RMmqNGdAmlKWrk7TJsYJRhhsyaacGkRx/edit,arm calcanhar circles touch
5705,Crucifixo Inverso Polia,Ombro,Revisar,83,Média,Nome semelhante; equivalência da execução ainda não confirmada.,Revisar,0240,Cable Supine Reverse Fly,Illustrations!A241:H241,Revisar,024012,Cable Supine Reverse Fly,Videos!A201:H201,Revisar,024013,Cable Supine Reverse Fly,Animated GIFs!A241:H241,Cable,Shoulders,Deltoid Posterior ,1457,,,,Sim,Sim,https://docs.google.com/spreadsheets/d/1mgP0qbvTjSUWhV777RP13kTn7aj-aMR9H9jjjQfBE-E/edit#gid=1939929300&range=A1457:F1457,https://docs.google.com/spreadsheets/d/1RMmqNGdAmlKWrk7TJsYJRhhsyaacGkRx/edit,cable fly reverse
5735,Crucifixo Polia,Peitoral,Revisar,78,Média,variação adicional no candidato: low,Revisar,0179,Cable Low Fly,Illustrations!A180:H180,Revisar,017912,Cable Low Fly,Videos!A150:H150,Revisar,017913,Cable Low Fly,Animated GIFs!A180:H180,Cable,Chest,Pectoralis Major Clavicular Head,1458,,,,Sim,Sim,https://docs.google.com/spreadsheets/d/1mgP0qbvTjSUWhV777RP13kTn7aj-aMR9H9jjjQfBE-E/edit#gid=1939929300&range=A1458:F1458,https://docs.google.com/spreadsheets/d/1RMmqNGdAmlKWrk7TJsYJRhhsyaacGkRx/edit,cable fly
5755,Rosca Polia com Corda,Bíceps,Correspondência forte,90,Alta,"Correspondência terminológica revisada: movimento, equipamento e variante descrita compatíveis. Forte pelos metadados; execução visual não verificada.",Sim — forte,0165,Cable Hammer Curl (with rope),Illustrations!A166:H166,Sim — forte,016512,Cable Hammer Curl (with rope) (male),Videos!A137:H137,Sim — forte,016513,Cable Hammer Curl (with rope) male,Animated GIFs!A166:H166,Cable,Forearms,Brachioradialis,1459,,,,Sim,Sim,https://docs.google.com/spreadsheets/d/1mgP0qbvTjSUWhV777RP13kTn7aj-aMR9H9jjjQfBE-E/edit#gid=1939929300&range=A1459:F1459,https://docs.google.com/spreadsheets/d/1RMmqNGdAmlKWrk7TJsYJRhhsyaacGkRx/edit,cable curl rope
5757,Tríceps Polia Barra Reta,Tríceps,Revisar,75,Média,Confirmar barra reta: o nome genérico do catálogo não identifica o acessório.,Revisar,1605,Cable Triceps Pushdown (SZ-bar),Illustrations!A1603:H1603,Revisar,160512,Cable Triceps Pushdown (SZ bar),Videos!A1228:H1228,Revisar,160513,Cable Triceps Pushdown (SZ-bar),Animated GIFs!A1589:H1589,Cable,Upper Arms,Triceps Brachii,1460,,,,Sim,Sim,https://docs.google.com/spreadsheets/d/1mgP0qbvTjSUWhV777RP13kTn7aj-aMR9H9jjjQfBE-E/edit#gid=1939929300&range=A1460:F1460,https://docs.google.com/spreadsheets/d/1RMmqNGdAmlKWrk7TJsYJRhhsyaacGkRx/edit,barbell cable pushdown triceps
5764,Abdominal Máquina,Abdômen,Revisar,75,Média,Máquina abdominal compatível; modelo/postura da base não especificados.,Revisar,2276,Lever Lying Crunch,Illustrations!A2245:H2245,Revisar,227612,Lever Lying Crunch,Videos!A1550:H1550,Revisar,227613,Lever Lying Crunch,Animated GIFs!A2134:H2134,Leverage machine,Waist,Rectus Abdominis,1461,,,,Sim,Sim,https://docs.google.com/spreadsheets/d/1mgP0qbvTjSUWhV777RP13kTn7aj-aMR9H9jjjQfBE-E/edit#gid=1939929300&range=A1461:F1461,https://docs.google.com/spreadsheets/d/1RMmqNGdAmlKWrk7TJsYJRhhsyaacGkRx/edit,crunch lever
5824,Crucifixo Inverso Polia Unilateral,Ombro,Correspondência forte,95,Alta,"Nome equivalente após tradução e normalização, sem diferença explícita.",Sim — forte,4122,Cable One Arm Reverse Fly (male),Illustrations!A4072:H4072,Sim — forte,412212,Cable One Arm Reverse Fly (male),Videos!A2736:H2736,Sim — forte,412213,Cable One Arm Reverse Fly (male),Animated GIFs!A3943:H3943,Cable,Shoulders,,1462,,,,Sim,Sim,https://docs.google.com/spreadsheets/d/1mgP0qbvTjSUWhV777RP13kTn7aj-aMR9H9jjjQfBE-E/edit#gid=1939929300&range=A1462:F1462,https://docs.google.com/spreadsheets/d/1RMmqNGdAmlKWrk7TJsYJRhhsyaacGkRx/edit,cable fly reverse unilateral
5852,Remada Curvada Polia Triângulo,Dorsal,Revisar,84,Média,não descrito no candidato: v,Revisar,4011,Cable Bent Over Row with Bar,Illustrations!A3962:H3962,Revisar,385912,Cable Bent Over Row,Videos!A2555:H2555,Revisar,401113,Cable Bent Over Row with Bar,Animated GIFs!A3833:H3833,Cable,Back,"Infraspinatus, Latissimus Dorsi, Teres Major, Teres Minor , Trapezius Lower Fibers, Trapezius Middle Fibers",1463,,,,Sim,Sim,https://docs.google.com/spreadsheets/d/1mgP0qbvTjSUWhV777RP13kTn7aj-aMR9H9jjjQfBE-E/edit#gid=1939929300&range=A1463:F1463,https://docs.google.com/spreadsheets/d/1RMmqNGdAmlKWrk7TJsYJRhhsyaacGkRx/edit,bar bent cable over row v
5855,Remada Curvada Polia Corda Unilateral,Dorsal,Revisar,84,Média,não descrito no candidato: rope,Revisar,0189,Cable One Arm Bent over Row,Illustrations!A190:H190,Revisar,018912,Cable One Arm Bent over Row,Videos!A158:H158,Revisar,018913,Cable One Arm Bent over Row,Animated GIFs!A190:H190,Cable,Back,"Infraspinatus, Latissimus Dorsi, Teres Major, Teres Minor , Trapezius Lower Fibers, Trapezius Middle Fibers",1464,,,,Sim,Sim,https://docs.google.com/spreadsheets/d/1mgP0qbvTjSUWhV777RP13kTn7aj-aMR9H9jjjQfBE-E/edit#gid=1939929300&range=A1464:F1464,https://docs.google.com/spreadsheets/d/1RMmqNGdAmlKWrk7TJsYJRhhsyaacGkRx/edit,bent cable over rope row unilateral
5887,Crucifixo Polia Alternado,Peitoral,Correspondência forte,95,Alta,"Nome equivalente após tradução e normalização, sem diferença explícita.",Revisar,4374,Cable Standing Alternate Low Fly,Illustrations!A4314:H4314,Sim — forte,930712,Cable Alternative Fly (male),Videos!A7401:H7401,Revisar,437413,Cable Standing Alternate Low Fly,Animated GIFs!A4185:H4185,Cable,Chest,,1465,,,,Sim,Sim,https://docs.google.com/spreadsheets/d/1mgP0qbvTjSUWhV777RP13kTn7aj-aMR9H9jjjQfBE-E/edit#gid=1939929300&range=A1465:F1465,https://docs.google.com/spreadsheets/d/1RMmqNGdAmlKWrk7TJsYJRhhsyaacGkRx/edit,alternating cable fly
5895,Cross Over Unilateral,Peitoral,Correspondência forte,95,Alta,"Nome equivalente após tradução e normalização, sem diferença explícita.",Revisar,0190,Cable One Arm Curl,Illustrations!A191:H191,Sim — forte,694912,Cable Single Arm Crossover (male),Videos!A5105:H5105,Revisar,019013,Cable One Arm Curl,Animated GIFs!A191:H191,Cable,Chest,Biceps Brachii,1466,,,,Sim,Sim,https://docs.google.com/spreadsheets/d/1mgP0qbvTjSUWhV777RP13kTn7aj-aMR9H9jjjQfBE-E/edit#gid=1939929300&range=A1466:F1466,https://docs.google.com/spreadsheets/d/1RMmqNGdAmlKWrk7TJsYJRhhsyaacGkRx/edit,cable crossover unilateral
5913,Abdominal Máquina Oblíquo,Abdômen,Revisar,78,Média,Nome semelhante; equivalência da execução ainda não confirmada.,Revisar,2276,Lever Lying Crunch,Illustrations!A2245:H2245,Revisar,798112,Lever Ab Coaster Oblique Crunch (female),Videos!A6097:H6097,Revisar,227613,Lever Lying Crunch,Animated GIFs!A2134:H2134,Leverage machine,Waist,Rectus Abdominis,1467,,,,Sim,Sim,https://docs.google.com/spreadsheets/d/1mgP0qbvTjSUWhV777RP13kTn7aj-aMR9H9jjjQfBE-E/edit#gid=1939929300&range=A1467:F1467,https://docs.google.com/spreadsheets/d/1RMmqNGdAmlKWrk7TJsYJRhhsyaacGkRx/edit,crunch lever oblique
5918,Abdominal Supra Reto Banco Curto,Abdômen,Correspondência forte,90,Alta,"Correspondência terminológica revisada: movimento, equipamento e variante descrita compatíveis. Forte pelos metadados; execução visual não verificada.",Sim — forte,0270,Crunch (on bench),Illustrations!A271:H271,Sim — forte,027012,Crunch (on bench),Videos!A228:H228,Sim — forte,027013,Crunch (on bench),Animated GIFs!A271:H271,Body weight,Waist,Rectus Abdominis,1468,,,,Sim,Sim,https://docs.google.com/spreadsheets/d/1mgP0qbvTjSUWhV777RP13kTn7aj-aMR9H9jjjQfBE-E/edit#gid=1939929300&range=A1468:F1468,https://docs.google.com/spreadsheets/d/1RMmqNGdAmlKWrk7TJsYJRhhsyaacGkRx/edit,bench crunch short
5963,Abdominal Infra Paralela Oblíquo Flexionada,Abdômen,Revisar,79,Média,Nome semelhante; equivalência da execução ainda não confirmada.,Revisar,5107,Captains Chair Leg Raise,Illustrations!A4964:H4964,Revisar,212612,Captains chair leg raise,Videos!A1441:H1441,Revisar,510713,Captains Chair Leg Raise,Animated GIFs!A4834:H4834,Body weight,Hips,"Iliopsoas, Rectus Abdominis",1469,,,,Sim,Sim,https://docs.google.com/spreadsheets/d/1mgP0qbvTjSUWhV777RP13kTn7aj-aMR9H9jjjQfBE-E/edit#gid=1939929300&range=A1469:F1469,https://docs.google.com/spreadsheets/d/1RMmqNGdAmlKWrk7TJsYJRhhsyaacGkRx/edit,bent captains chair leg oblique raise
5985,Supino Maquina Inclinado,Peitoral,Correspondência forte,95,Alta,"Nome equivalente após tradução e normalização, sem diferença explícita.",Sim — forte,1299,Lever Incline Chest Press,Illustrations!A1297:H1297,Sim — forte,129912,Lever Incline Chest Press,Videos!A1018:H1018,Sim — forte,147913,Lever Incline Chest Press,Animated GIFs!A1463:H1463,Leverage machine,Chest,Pectoralis Major Clavicular Head,1470,,,,Sim,Sim,https://docs.google.com/spreadsheets/d/1mgP0qbvTjSUWhV777RP13kTn7aj-aMR9H9jjjQfBE-E/edit#gid=1939929300&range=A1470:F1470,https://docs.google.com/spreadsheets/d/1RMmqNGdAmlKWrk7TJsYJRhhsyaacGkRx/edit,bench incline lever press
6008,Rosca Alternada com Halter,Bíceps,Correspondência forte,95,Alta,"Nome equivalente após tradução e normalização, sem diferença explícita.",Sim — forte,0285,Dumbbell Alternate Biceps Curl,Illustrations!A286:H286,Sim — forte,028512,Dumbbell Alternate Biceps Curl,Videos!A240:H240,Sim — forte,028513,Dumbbell Alternate Biceps Curl,Animated GIFs!A286:H286,Dumbbell,Upper Arms,Biceps Brachii,1471,,,,Sim,Sim,https://docs.google.com/spreadsheets/d/1mgP0qbvTjSUWhV777RP13kTn7aj-aMR9H9jjjQfBE-E/edit#gid=1939929300&range=A1471:F1471,https://docs.google.com/spreadsheets/d/1RMmqNGdAmlKWrk7TJsYJRhhsyaacGkRx/edit,alternating curl dumbbell
6033,Abdução Polia em Pé,Pernas,Correspondência forte,90,Alta,"Correspondência terminológica revisada: movimento, equipamento e variante descrita compatíveis. Forte pelos metadados; execução visual não verificada.",Sim — forte,11266,Cable Standing Hip Abduction (VERSION 3),Illustrations!A6593:H6593,Sim — forte,1126612,Cable Standing Hip Abduction (VERSION 3),Videos!A9116:H9116,Sim — forte,1126613,Cable Standing Hip Abduction (VERSION 3),Animated GIFs!A6447:H6447,Cable,Hips,,1472,,,,Sim,Sim,https://docs.google.com/spreadsheets/d/1mgP0qbvTjSUWhV777RP13kTn7aj-aMR9H9jjjQfBE-E/edit#gid=1939929300&range=A1472:F1472,https://docs.google.com/spreadsheets/d/1RMmqNGdAmlKWrk7TJsYJRhhsyaacGkRx/edit,abduction cable standing
6074,Rosca Unilateral Polia Alta,Bíceps,Revisar,84,Média,não descrito no candidato: high,Revisar,0190,Cable One Arm Curl,Illustrations!A191:H191,Revisar,019012,Cable One Arm Curl,Videos!A159:H159,Revisar,019013,Cable One Arm Curl,Animated GIFs!A191:H191,Cable,Upper Arms,Biceps Brachii,1473,,,,Sim,Sim,https://docs.google.com/spreadsheets/d/1mgP0qbvTjSUWhV777RP13kTn7aj-aMR9H9jjjQfBE-E/edit#gid=1939929300&range=A1473:F1473,https://docs.google.com/spreadsheets/d/1RMmqNGdAmlKWrk7TJsYJRhhsyaacGkRx/edit,cable curl high unilateral
6098,Agachamento + Remada Alta com Kettlebell',Funcionais,Revisar,84,Média,Sequência combinada: confirmar TODOS os movimentos e a transição. Nome semelhante; equivalência da execução ainda não confirmada.,Revisar,4408,Kettlebell Upright Row,Illustrations!A4348:H4348,Revisar,440812,Kettlebell Upright Row,Videos!A2908:H2908,Revisar,440813,Kettlebell Upright Row,Animated GIFs!A4219:H4219,Kettlebell,Shoulders,Deltoid Lateral,1474,,,,Sim,Sim,https://docs.google.com/spreadsheets/d/1mgP0qbvTjSUWhV777RP13kTn7aj-aMR9H9jjjQfBE-E/edit#gid=1939929300&range=A1474:F1474,https://docs.google.com/spreadsheets/d/1RMmqNGdAmlKWrk7TJsYJRhhsyaacGkRx/edit,+ kettlebell row squat upright
6180,Abdominal Remador com Meia Rotação,Abdômen,Revisar,78,Média,Nome semelhante; equivalência da execução ainda não confirmada.,Revisar,3951,Cross Twisting Sit-Up (female),Illustrations!A3904:H3904,Revisar,049512,Incline Twisting Sit-up,Videos!A415:H415,Revisar,395113,Cross Twisting Sit-up (female),Animated GIFs!A3775:H3775,Body weight,Waist,,1475,,,,Sim,Sim,https://docs.google.com/spreadsheets/d/1mgP0qbvTjSUWhV777RP13kTn7aj-aMR9H9jjjQfBE-E/edit#gid=1939929300&range=A1475:F1475,https://docs.google.com/spreadsheets/d/1RMmqNGdAmlKWrk7TJsYJRhhsyaacGkRx/edit,half sit twisting up
6190,Abdominal Infra Abre e Fecha,Abdômen,Revisar,72,Média,Nome semelhante; equivalência da execução ainda não confirmada.,Revisar,2850,Leg Raise (bent knee),Illustrations!A2817:H2817,Revisar,288712,Cable Hanging Leg Raise,Videos!A1956:H1956,Revisar,285013,Leg Raise (bent knee) (female),Animated GIFs!A2706:H2706,Body weight,"Hips, Thighs",,1476,,,,Sim,Sim,https://docs.google.com/spreadsheets/d/1mgP0qbvTjSUWhV777RP13kTn7aj-aMR9H9jjjQfBE-E/edit#gid=1939929300&range=A1476:F1476,https://docs.google.com/spreadsheets/d/1RMmqNGdAmlKWrk7TJsYJRhhsyaacGkRx/edit,abre fecha leg raise
6200,Abdominal Obliquo Alternado,Abdômen,Revisar,84,Média,variação adicional no candidato: seated,Revisar,3944,Seated Alternate Crunch,Illustrations!A3897:H3897,Revisar,394412,Seated Alternate Crunch,Videos!A2619:H2619,Revisar,394413,Seated Alternate Crunch,Animated GIFs!A3768:H3768,Body weight,"Hips, Waist","Iliopsoas, Rectus Abdominis",1477,,,,Sim,Sim,https://docs.google.com/spreadsheets/d/1mgP0qbvTjSUWhV777RP13kTn7aj-aMR9H9jjjQfBE-E/edit#gid=1939929300&range=A1477:F1477,https://docs.google.com/spreadsheets/d/1RMmqNGdAmlKWrk7TJsYJRhhsyaacGkRx/edit,alternating crunch side
6204,Abdominal Obliquo Decúbito Lateral Canivete,Abdômen,Revisar,79,Média,Nome semelhante; equivalência da execução ainda não confirmada.,Revisar,6693,Cable Kneeling Side Crunch (male),Illustrations!A5667:H5667,Revisar,739612,Side Lying Side Crunch (female),Videos!A5548:H5548,Revisar,669313,Cable Kneeling Side Crunch (male),Animated GIFs!A5534:H5534,Body weight,Waist,,1478,,,,Sim,Sim,https://docs.google.com/spreadsheets/d/1mgP0qbvTjSUWhV777RP13kTn7aj-aMR9H9jjjQfBE-E/edit#gid=1939929300&range=A1478:F1478,https://docs.google.com/spreadsheets/d/1RMmqNGdAmlKWrk7TJsYJRhhsyaacGkRx/edit,canivete crunch lying side
6211,Abdominal Remador,Abdômen,Revisar,70,Média,Abdominal remador pode incluir flexão simultânea dos joelhos; sit-up convencional não confirma a mesma execução.,Revisar,0001,3-4 Sit-up,Illustrations!A2:H2,Revisar,073512,Sit-up II,Videos!A600:H600,Revisar,000113,3/4 Sit-up,Animated GIFs!A2:H2,Body weight,Waist,Rectus Abdominis,1479,,,,Sim,Sim,https://docs.google.com/spreadsheets/d/1mgP0qbvTjSUWhV777RP13kTn7aj-aMR9H9jjjQfBE-E/edit#gid=1939929300&range=A1479:F1479,https://docs.google.com/spreadsheets/d/1RMmqNGdAmlKWrk7TJsYJRhhsyaacGkRx/edit,sit up
6219,Avanço + Agachamento Lateral + Retrocesso com Kettlebell',Pernas,Revisar,57,Baixa,Sequência combinada: confirmar TODOS os movimentos e a transição. não descrito no candidato: reverse,Revisar,4123,Kettlebell Single Front Squat (male),Illustrations!A4073:H4073,Revisar,1159712,Kettlebell Squat to Overhead Press,Videos!A9447:H9447,Revisar,412313,Kettlebell Single Front Squat (male),Animated GIFs!A3944:H3944,Kettlebell,Thighs,,1480,,,,Sim,Sim,https://docs.google.com/spreadsheets/d/1mgP0qbvTjSUWhV777RP13kTn7aj-aMR9H9jjjQfBE-E/edit#gid=1939929300&range=A1480:F1480,https://docs.google.com/spreadsheets/d/1RMmqNGdAmlKWrk7TJsYJRhhsyaacGkRx/edit,+ forward kettlebell lateral lunge reverse squat
6231,Prancha Isométrica Alternando Altura,Abdômen,Revisar,65,Média,Transição de altura compatível; confirmar mãos/antebraços e sequência.,Revisar,10554,Plank Alternating Hit the Ball (male),Illustrations!A6363:H6363,Revisar,1055412,Plank Alternating Hit the Ball (male),Videos!A8531:H8531,Revisar,1055413,Plank Alternating Hit the Ball (male),Animated GIFs!A6220:H6220,Body weight,"Chest, Upper Arms",,1481,,,,Sim,Sim,https://docs.google.com/spreadsheets/d/1mgP0qbvTjSUWhV777RP13kTn7aj-aMR9H9jjjQfBE-E/edit#gid=1939929300&range=A1481:F1481,https://docs.google.com/spreadsheets/d/1RMmqNGdAmlKWrk7TJsYJRhhsyaacGkRx/edit,alternating altura plank
6242,Abdominal Canivete Alternado com Kettlebell',Abdômen,Revisar,55,Baixa,equipamento: Kettlebell × Body weight; não descrito no candidato: kettlebell,Não encontrado,,,,Revisar,1045212,Alternating Leg V-up (male),Videos!A8429:H8429,Não encontrado,,,,Body weight,Waist,,1482,,,,Sim,Sim,https://docs.google.com/spreadsheets/d/1mgP0qbvTjSUWhV777RP13kTn7aj-aMR9H9jjjQfBE-E/edit#gid=1939929300&range=A1482:F1482,https://docs.google.com/spreadsheets/d/1RMmqNGdAmlKWrk7TJsYJRhhsyaacGkRx/edit,alternating kettlebell up v
6259,Prancha Skater,Abdômen,Revisar,82,Média,Nome semelhante; equivalência da execução ainda não confirmada.,Revisar,3953,Spider Plank (female),Illustrations!A3906:H3906,Revisar,724612,Star Plank (male),Videos!A5400:H5400,Revisar,609213,Spider Plank (male),Animated GIFs!A5353:H5353,Body weight,Waist,,1483,,,,Sim,Sim,https://docs.google.com/spreadsheets/d/1mgP0qbvTjSUWhV777RP13kTn7aj-aMR9H9jjjQfBE-E/edit#gid=1939929300&range=A1483:F1483,https://docs.google.com/spreadsheets/d/1RMmqNGdAmlKWrk7TJsYJRhhsyaacGkRx/edit,plank skater
6390,Serrátil na Polia,Dorsal,Revisar,72,Média,Nome semelhante; equivalência da execução ainda não confirmada.,Revisar,0220,Cable Shrug,Illustrations!A221:H221,Revisar,022012,Cable Shrug,Videos!A186:H186,Revisar,022013,Cable Shrug,Animated GIFs!A221:H221,Cable,Back,Trapezius Upper Fibers ,1484,,,,Sim,Sim,https://docs.google.com/spreadsheets/d/1mgP0qbvTjSUWhV777RP13kTn7aj-aMR9H9jjjQfBE-E/edit#gid=1939929300&range=A1484:F1484,https://docs.google.com/spreadsheets/d/1RMmqNGdAmlKWrk7TJsYJRhhsyaacGkRx/edit,cable serratus
6406,Deitar e Levantar com Pliobox',Funcionais,Revisar,53,Baixa,Nome semelhante; equivalência da execução ainda não confirmada.,Não encontrado,,,,Revisar,907112,Box Drop Split Stance Land (male),Videos!A7165:H7165,Não encontrado,,,,Body weight,Plyometrics,,1485,,,,Sim,Sim,https://docs.google.com/spreadsheets/d/1mgP0qbvTjSUWhV777RP13kTn7aj-aMR9H9jjjQfBE-E/edit#gid=1939929300&range=A1485:F1485,https://docs.google.com/spreadsheets/d/1RMmqNGdAmlKWrk7TJsYJRhhsyaacGkRx/edit,box deitar levantar
6407,Deitar e Levantar com Extensão de Tronco com Pliobox',Funcionais,Revisar,58,Baixa,variação adicional no candidato: reverse,Revisar,4667,Bodyweight Overhead Triceps Extension (female),Illustrations!A4576:H4576,Revisar,1034212,Reverse Hyperextension on Box,Videos!A8320:H8320,Revisar,466713,Bodyweight Overhead Triceps Extension (female),Animated GIFs!A4447:H4447,Body weight,Hips,Triceps Brachii,1486,,,,Sim,Sim,https://docs.google.com/spreadsheets/d/1mgP0qbvTjSUWhV777RP13kTn7aj-aMR9H9jjjQfBE-E/edit#gid=1939929300&range=A1486:F1486,https://docs.google.com/spreadsheets/d/1RMmqNGdAmlKWrk7TJsYJRhhsyaacGkRx/edit,box deitar extension levantar trunk
6414,Transição Lateral com Pliobox',Funcionais,Revisar,61,Baixa,variação adicional no candidato: jump,Revisar,0567,Lateral Twist box Jump,Illustrations!A568:H568,Revisar,056712,Lateral Twist Box Jump (female),Videos!A473:H473,Revisar,056713,Lateral Twist box Jump,Animated GIFs!A568:H568,Body weight,Cardio,,1487,,,,Sim,Sim,https://docs.google.com/spreadsheets/d/1mgP0qbvTjSUWhV777RP13kTn7aj-aMR9H9jjjQfBE-E/edit#gid=1939929300&range=A1487:F1487,https://docs.google.com/spreadsheets/d/1RMmqNGdAmlKWrk7TJsYJRhhsyaacGkRx/edit,box lateral transicao
6558,Rosca Alternada Simultânea com Halter,Bíceps,Revisar,65,Média,Base combina execução alternada e simultânea; catálogo descreve somente a alternada.,Revisar,2403,Dumbbell Alternate Biceps Curl (with arm blaster),Illustrations!A2371:H2371,Revisar,240112,Dumbbell Biceps Curl (with arm blaster),Videos!A1640:H1640,Revisar,240313,Dumbbell Alternate Biceps Curl (with arm blaster),Animated GIFs!A2260:H2260,Dumbbell,Upper Arms,Biceps Brachii,1488,,,,Sim,Sim,https://docs.google.com/spreadsheets/d/1mgP0qbvTjSUWhV777RP13kTn7aj-aMR9H9jjjQfBE-E/edit#gid=1939929300&range=A1488:F1488,https://docs.google.com/spreadsheets/d/1RMmqNGdAmlKWrk7TJsYJRhhsyaacGkRx/edit,alternating bilateral curl dumbbell
6560,Rosca Martelo Alternado + Simultâneo com Halter,Bíceps,Revisar,79,Média,Sequência combinada: confirmar TODOS os movimentos e a transição. Nome semelhante; equivalência da execução ainda não confirmada.,Revisar,2403,Dumbbell Alternate Biceps Curl (with arm blaster),Illustrations!A2371:H2371,Revisar,626412,Dumbbell Prone Alternate Hammer Curl,Videos!A4438:H4438,Revisar,240313,Dumbbell Alternate Biceps Curl (with arm blaster),Animated GIFs!A2260:H2260,Dumbbell,Upper Arms,Biceps Brachii,1489,,,,Sim,Sim,https://docs.google.com/spreadsheets/d/1mgP0qbvTjSUWhV777RP13kTn7aj-aMR9H9jjjQfBE-E/edit#gid=1939929300&range=A1489:F1489,https://docs.google.com/spreadsheets/d/1RMmqNGdAmlKWrk7TJsYJRhhsyaacGkRx/edit,+ alternating bilateral curl dumbbell hammer
6567,Agachamento com Rotação de Tronco com Halter,Funcionais,Revisar,83,Média,variação adicional no candidato: wide,Revisar,0413,Dumbbell Squat,Illustrations!A414:H414,Revisar,660212,Dumbbell Wide Squat (male),Videos!A4764:H4764,Revisar,041313,Dumbbell Squat,Animated GIFs!A414:H414,Dumbbell,Thighs,"Gluteus Maximus, Quadriceps",1490,,,,Sim,Sim,https://docs.google.com/spreadsheets/d/1mgP0qbvTjSUWhV777RP13kTn7aj-aMR9H9jjjQfBE-E/edit#gid=1939929300&range=A1490:F1490,https://docs.google.com/spreadsheets/d/1RMmqNGdAmlKWrk7TJsYJRhhsyaacGkRx/edit,dumbbell squat twist
6592,Sprawn com Halter,Funcionais,Revisar,84,Média,Nome semelhante; equivalência da execução ainda não confirmada.,Revisar,3454,Dumbbell Superman,Illustrations!A3420:H3420,Revisar,345412,Dumbbell Superman,Videos!A2291:H2291,Revisar,345413,Dumbbell Superman,Animated GIFs!A3295:H3295,Dumbbell,Hips,"Erector Spinae, Gluteus Maximus",1491,,,,Sim,Sim,https://docs.google.com/spreadsheets/d/1mgP0qbvTjSUWhV777RP13kTn7aj-aMR9H9jjjQfBE-E/edit#gid=1939929300&range=A1491:F1491,https://docs.google.com/spreadsheets/d/1RMmqNGdAmlKWrk7TJsYJRhhsyaacGkRx/edit,dumbbell sprawn
6593,Stiff + Remada com Halter,Funcionais,Revisar,84,Média,Sequência combinada: confirmar TODOS os movimentos e a transição. Nome semelhante; equivalência da execução ainda não confirmada.,Revisar,0432,Dumbbell Stiff Leg Deadlift,Illustrations!A433:H433,Revisar,043212,Dumbbell Stiff Leg Deadlift,Videos!A367:H367,Revisar,043213,Dumbbell Stiff Leg Deadlift,Animated GIFs!A433:H433,Dumbbell,Hips,"Erector Spinae, Gluteus Maximus",1492,,,,Sim,Sim,https://docs.google.com/spreadsheets/d/1mgP0qbvTjSUWhV777RP13kTn7aj-aMR9H9jjjQfBE-E/edit#gid=1939929300&range=A1492:F1492,https://docs.google.com/spreadsheets/d/1RMmqNGdAmlKWrk7TJsYJRhhsyaacGkRx/edit,+ deadlift dumbbell leg row stiff
6621,Abdominal Canivete com Insistência com Halter,Abdômen,Revisar,77,Média,não descrito no candidato: pulse,Revisar,3336,Dumbbell V-up,Illustrations!A3303:H3303,Revisar,344612,Dumbbell V-up (female),Videos!A2286:H2286,Revisar,333613,Dumbbell V up,Animated GIFs!A3178:H3178,Dumbbell,Waist,"Iliopsoas, Rectus Abdominis",1493,,,,Sim,Sim,https://docs.google.com/spreadsheets/d/1mgP0qbvTjSUWhV777RP13kTn7aj-aMR9H9jjjQfBE-E/edit#gid=1939929300&range=A1493:F1493,https://docs.google.com/spreadsheets/d/1RMmqNGdAmlKWrk7TJsYJRhhsyaacGkRx/edit,dumbbell pulse up v
6626,Rotação Lateral de Tronco com Halter,Abdômen,Revisar,67,Média,não descrito no candidato: twisting; variação adicional no candidato: plank,Revisar,8221,Dumbbell Lateral Raise Plank (male),Illustrations!A5980:H5980,Revisar,822112,Dumbbell Lateral Raise Plank (male),Videos!A6336:H6336,Revisar,822113,Dumbbell Lateral Raise Plank (male),Animated GIFs!A5840:H5840,Dumbbell,Waist,,1494,,,,Sim,Sim,https://docs.google.com/spreadsheets/d/1mgP0qbvTjSUWhV777RP13kTn7aj-aMR9H9jjjQfBE-E/edit#gid=1939929300&range=A1494:F1494,https://docs.google.com/spreadsheets/d/1RMmqNGdAmlKWrk7TJsYJRhhsyaacGkRx/edit,dumbbell lateral trunk twisting
6708,Abdominal Banco Reto,Abdômen,Revisar,79,Média,não descrito no candidato: flat,Revisar,0270,Crunch (on bench),Illustrations!A271:H271,Revisar,027012,Crunch (on bench),Videos!A228:H228,Revisar,027013,Crunch (on bench),Animated GIFs!A271:H271,Body weight,Waist,Rectus Abdominis,1495,,,,Sim,Sim,https://docs.google.com/spreadsheets/d/1mgP0qbvTjSUWhV777RP13kTn7aj-aMR9H9jjjQfBE-E/edit#gid=1939929300&range=A1495:F1495,https://docs.google.com/spreadsheets/d/1RMmqNGdAmlKWrk7TJsYJRhhsyaacGkRx/edit,bench crunch flat
6710,Abdominal Infra Paralela Oblíquo Alternado Flex,Abdômen,Revisar,64,Baixa,Nome semelhante; equivalência da execução ainda não confirmada.,Revisar,0008,Alternate Lying Floor Leg Raise,Illustrations!A9:H9,Revisar,718412,Burpee Alternate Arm Leg Raise (male),Videos!A5338:H5338,Revisar,000813,Alternate Lying Floor Leg Raise,Animated GIFs!A9:H9,Body weight,Plyometrics,Rectus Abdominis,1496,,,,Sim,Sim,https://docs.google.com/spreadsheets/d/1mgP0qbvTjSUWhV777RP13kTn7aj-aMR9H9jjjQfBE-E/edit#gid=1939929300&range=A1496:F1496,https://docs.google.com/spreadsheets/d/1RMmqNGdAmlKWrk7TJsYJRhhsyaacGkRx/edit,alternating captains chair flex leg oblique raise
6713,Cross Over,Peitoral,Revisar,75,Média,"Confirmar altura das polias, posição do tronco e direção do movimento.",Revisar,8141,Cable Standing Crossover (male),Illustrations!A5959:H5959,Revisar,814112,Cable Standing Crossover (male),Videos!A6256:H6256,Revisar,814113,Cable Standing Crossover (male),Animated GIFs!A5820:H5820,Cable,Chest,,1497,,,,Sim,Sim,https://docs.google.com/spreadsheets/d/1mgP0qbvTjSUWhV777RP13kTn7aj-aMR9H9jjjQfBE-E/edit#gid=1939929300&range=A1497:F1497,https://docs.google.com/spreadsheets/d/1RMmqNGdAmlKWrk7TJsYJRhhsyaacGkRx/edit,cable crossover
6715,Glúteo Polia Flexionada,Pernas,Revisar,69,Média,variação adicional no candidato: standing,Revisar,0228,Cable Standing Hip Extension,Illustrations!A229:H229,Revisar,022812,Cable Standing Hip Extension,Videos!A191:H191,Revisar,022813,Cable Standing Hip Extension,Animated GIFs!A229:H229,Cable,Hips,Gluteus Maximus,1498,,,,Sim,Sim,https://docs.google.com/spreadsheets/d/1mgP0qbvTjSUWhV777RP13kTn7aj-aMR9H9jjjQfBE-E/edit#gid=1939929300&range=A1498:F1498,https://docs.google.com/spreadsheets/d/1RMmqNGdAmlKWrk7TJsYJRhhsyaacGkRx/edit,bent cable extension hip
6725,Remada Polia Alta Barra,Dorsal,Revisar,74,Média,não descrito no candidato: barbell,Revisar,4011,Cable Bent Over Row with Bar,Illustrations!A3962:H3962,Revisar,650312,Cable High Row,Videos!A4666:H4666,Revisar,401113,Cable Bent Over Row with Bar,Animated GIFs!A3833:H3833,Cable,Back,"Infraspinatus, Latissimus Dorsi, Teres Major, Teres Minor , Trapezius Lower Fibers, Trapezius Middle Fibers",1499,,,,Sim,Sim,https://docs.google.com/spreadsheets/d/1mgP0qbvTjSUWhV777RP13kTn7aj-aMR9H9jjjQfBE-E/edit#gid=1939929300&range=A1499:F1499,https://docs.google.com/spreadsheets/d/1RMmqNGdAmlKWrk7TJsYJRhhsyaacGkRx/edit,barbell cable high row
6726,Remada Polia Alta Barra Supinada,Dorsal,Revisar,74,Média,"não descrito no candidato: cable, high",Revisar,0118,Barbell Reverse Grip Bent over Row,Illustrations!A119:H119,Revisar,011812,Barbell Reverse Grip Bent Over Row,Videos!A98:H98,Revisar,011813,Barbell Reverse Grip Bent over Row,Animated GIFs!A119:H119,Barbell,Back,"Infraspinatus, Latissimus Dorsi, Teres Major, Teres Minor , Trapezius Lower Fibers, Trapezius Middle Fibers",1500,,,,Sim,Sim,https://docs.google.com/spreadsheets/d/1mgP0qbvTjSUWhV777RP13kTn7aj-aMR9H9jjjQfBE-E/edit#gid=1939929300&range=A1500:F1500,https://docs.google.com/spreadsheets/d/1RMmqNGdAmlKWrk7TJsYJRhhsyaacGkRx/edit,barbell cable high reverse row
6731,Rosca Simultânea Polia Alta Barra,Bíceps,Revisar,71,Média,"não descrito no candidato: barbell, high",Revisar,1607,Cable Biceps Curl (SZ-bar),Illustrations!A1605:H1605,Revisar,160712,Cable Biceps Curl (SZ bar),Videos!A1230:H1230,Revisar,160713,Cable Biceps Curl (SZ-bar),Animated GIFs!A1591:H1591,Cable,Upper Arms,Biceps Brachii,1501,,,,Sim,Sim,https://docs.google.com/spreadsheets/d/1mgP0qbvTjSUWhV777RP13kTn7aj-aMR9H9jjjQfBE-E/edit#gid=1939929300&range=A1501:F1501,https://docs.google.com/spreadsheets/d/1RMmqNGdAmlKWrk7TJsYJRhhsyaacGkRx/edit,barbell cable curl high
6831,Agachamento com Rotação de Tronco e Rosca com Halter,Funcionais,Revisar,84,Média,Nome semelhante; equivalência da execução ainda não confirmada.,Revisar,1655,Dumbbell Biceps Curl Squat,Illustrations!A1653:H1653,Revisar,1064812,Dumbbell Biceps Curl Squat (male),Videos!A8600:H8600,Revisar,165513,Dumbbell Biceps Curl Squat,Animated GIFs!A1639:H1639,Dumbbell,Upper Arms,,1502,,,,Sim,Sim,https://docs.google.com/spreadsheets/d/1mgP0qbvTjSUWhV777RP13kTn7aj-aMR9H9jjjQfBE-E/edit#gid=1939929300&range=A1502:F1502,https://docs.google.com/spreadsheets/d/1RMmqNGdAmlKWrk7TJsYJRhhsyaacGkRx/edit,curl dumbbell squat twist
6837,Inclinação Lateral Direita com Halter,Abdômen,Correspondência forte,90,Alta,"Correspondência terminológica revisada: movimento, equipamento e variante descrita compatíveis. Forte pelos metadados; execução visual não verificada.",Sim — forte,0407,Dumbbell Side Bend,Illustrations!A408:H408,Sim — forte,040712,Dumbbell Side Bend,Videos!A344:H344,Sim — forte,040713,Dumbbell Side Bend,Animated GIFs!A408:H408,Dumbbell,Waist,Obliques,1503,,,,Sim,Sim,https://docs.google.com/spreadsheets/d/1mgP0qbvTjSUWhV777RP13kTn7aj-aMR9H9jjjQfBE-E/edit#gid=1939929300&range=A1503:F1503,https://docs.google.com/spreadsheets/d/1RMmqNGdAmlKWrk7TJsYJRhhsyaacGkRx/edit,bend direita dumbbell side
6859,Rosca Unilateral com Halter,Bíceps,Correspondência forte,90,Alta,"Correspondência terminológica revisada: movimento, equipamento e variante descrita compatíveis. Forte pelos metadados; execução visual não verificada.",Sim — forte,1670,Dumbbell One Arm Standing Curl,Illustrations!A1668:H1668,Sim — forte,167012,Dumbbell One Arm Standing Curl,Videos!A1267:H1267,Sim — forte,167013,Dumbbell One Arm Standing Curl,Animated GIFs!A1654:H1654,Dumbbell,Upper Arms,,1504,,,,Sim,Sim,https://docs.google.com/spreadsheets/d/1mgP0qbvTjSUWhV777RP13kTn7aj-aMR9H9jjjQfBE-E/edit#gid=1939929300&range=A1504:F1504,https://docs.google.com/spreadsheets/d/1RMmqNGdAmlKWrk7TJsYJRhhsyaacGkRx/edit,curl dumbbell unilateral
6876,Agachamento + Rotação de Tronco e Rosca com Halter,Funcionais,Revisar,83,Média,Sequência combinada: confirmar TODOS os movimentos e a transição. Nome semelhante; equivalência da execução ainda não confirmada.,Revisar,1655,Dumbbell Biceps Curl Squat,Illustrations!A1653:H1653,Revisar,1064812,Dumbbell Biceps Curl Squat (male),Videos!A8600:H8600,Revisar,165513,Dumbbell Biceps Curl Squat,Animated GIFs!A1639:H1639,Dumbbell,Upper Arms,,1505,,,,Sim,Sim,https://docs.google.com/spreadsheets/d/1mgP0qbvTjSUWhV777RP13kTn7aj-aMR9H9jjjQfBE-E/edit#gid=1939929300&range=A1505:F1505,https://docs.google.com/spreadsheets/d/1RMmqNGdAmlKWrk7TJsYJRhhsyaacGkRx/edit,+ curl dumbbell squat twist
